{
	"violentCrimes": 1.020821918,
	"populationChange": 0.000021479,
	"firearmCrimes": 0.28051726
}