{
	"violentCrimes": 1.020821918,
	"populationChange": 1.9491312875,
	"firearmCrimes": 0.28051726
}